title,pubDate,guid,link,description,Words
The Indian who documented first-generation immigrants in UK,"Tue, 10 May 2022 23:32:24 GMT",https://www.bbc.co.uk/news/world-asia-india-61389834,https://www.bbc.co.uk/news/world-asia-india-61389834?at_medium=RSS&at_campaign=KARANGA,The lives of Coventry's South Asian immigrants are recorded in Maganbhai 'Masterji' Patel's photos.,[' Asian']
'I was chased by skinheads when I arrived in Leicester',"Wed, 03 Aug 2022 00:27:24 GMT",https://www.bbc.co.uk/news/uk-england-leicestershire-62306155,https://www.bbc.co.uk/news/uk-england-leicestershire-62306155?at_medium=RSS&at_campaign=KARANGA,A Ugandan Asian who settled in Leicester recalls the racism she experienced in the city in the 1970s.,[' Asian']
Asian family WhatsApps: 'Does he really drive a Kia?',"Mon, 24 Oct 2022 17:29:32 GMT",https://www.bbc.co.uk/news/uk-politics-63378352,https://www.bbc.co.uk/news/uk-politics-63378352?at_medium=RSS&at_campaign=KARANGA,Asian family WhatsApp groups often buzz with blessings and useless facts. What about when Sunak was named as next PM?,[' Asian']
Why Premier League teams are flocking back to Asia,"Wed, 27 Jul 2022 23:14:18 GMT",https://www.bbc.co.uk/news/business-62234627,https://www.bbc.co.uk/news/business-62234627?at_medium=RSS&at_campaign=KARANGA,"Top football clubs have resumed pre-season Asian summer tours, after three years of Covid travel bans.",[' Asian']
Sri Lanka crisis is a warning to other Asian nations,"Sun, 17 Jul 2022 23:59:34 GMT",https://www.bbc.co.uk/news/business-61976928,https://www.bbc.co.uk/news/business-61976928?at_medium=RSS&at_campaign=KARANGA,"Rising interest rates are making debt repayment costlier, putting Asian emerging markets at risk of default.",[' Asian']
Vincent Chin: The murder that sparked a civil rights movement,"Thu, 23 Jun 2022 09:04:35 GMT",https://www.bbc.co.uk/news/stories-61873425,https://www.bbc.co.uk/news/stories-61873425?at_medium=RSS&at_campaign=KARANGA,'Vincent Chin would be alive today if he were not Asian'.,[' Asian']
Uganda: The story your parents never told you,"Wed, 16 Nov 2022 02:00:20 GMT",https://www.bbc.co.uk/news/newsbeat-63549826,https://www.bbc.co.uk/news/newsbeat-63549826?at_medium=RSS&at_campaign=KARANGA,Young people ask their parents what happened 50 years ago when Asians were expelled from Uganda.,[' Asian']
Covid-19: Japan reopens to tourists - but with strict rules,"Thu, 09 Jun 2022 23:16:30 GMT",https://www.bbc.co.uk/news/business-61702904,https://www.bbc.co.uk/news/business-61702904?at_medium=RSS&at_campaign=KARANGA,The once-popular Asian destination has some of the world's toughest Covid-19 restrictions.,[' Asian']
Dallas salon shooting investigated as hate crime,"Tue, 17 May 2022 22:20:16 GMT",https://www.bbc.co.uk/news/world-us-canada-61488553,https://www.bbc.co.uk/news/world-us-canada-61488553?at_medium=RSS&at_campaign=KARANGA,"The suspect in last week's attack has ""panic attacks"" when around people of Asian descent, police say.",[' Asian']
Whipsnade Zoo Elephant's first steps pictured hours after birth,"Wed, 24 Aug 2022 15:06:08 GMT",https://www.bbc.co.uk/news/uk-england-beds-bucks-herts-62665531,https://www.bbc.co.uk/news/uk-england-beds-bucks-herts-62665531?at_medium=RSS&at_campaign=KARANGA,Keepers said the Asian elephant's arrival was a massive success for conservation of the species.,[' Asian']
Why ballroom dancing thrives in Asian communities,"Thu, 02 Feb 2023 02:06:16 GMT",https://www.bbc.co.uk/news/world-us-canada-64377362,https://www.bbc.co.uk/news/world-us-canada-64377362?at_medium=RSS&at_campaign=KARANGA,"After a shooting at a dance studio in California, we visit a ballroom to meet the people still dancing.",[' Asian']
Waterloo Road: Samia actress Priyasasha Kumari talks breaking barriers,"Fri, 10 Feb 2023 12:02:17 GMT",https://www.bbc.co.uk/news/newsbeat-64587635,https://www.bbc.co.uk/news/newsbeat-64587635?at_medium=RSS&at_campaign=KARANGA,"Priyasasha Kumari says her ""fierce"" character Samia challenges stereotypes for South Asian actors.",[' Asian']
Ukraine war: Migrants in Russia forced to fight in Putin's war,"Tue, 14 Feb 2023 05:58:47 GMT",https://www.bbc.co.uk/news/world-europe-64582985,https://www.bbc.co.uk/news/world-europe-64582985?at_medium=RSS&at_campaign=KARANGA,Recruiters are targeting Central Asian migrants in prisons and at work centres to join the war.,[' Asian']
TikTok: The reality of being a British Asian influencer,"Tue, 28 Feb 2023 14:03:36 GMT",https://www.bbc.co.uk/news/newsbeat-64784714,https://www.bbc.co.uk/news/newsbeat-64784714?at_medium=RSS&at_campaign=KARANGA,"Can the influencer lifestyle last forever when it clashes with your culture, community and faith?",[' Asian']
'Madame Butterfly': Japanese fashion pioneer Hanae Mori dies,"Thu, 18 Aug 2022 10:47:56 GMT",https://www.bbc.co.uk/news/world-asia-62585910,https://www.bbc.co.uk/news/world-asia-62585910?at_medium=RSS&at_campaign=KARANGA,"A trailblazer in her field, she was the first Asian designer to break into French haute couture.",[' Asian']
South Asian Scots hope new first minister gives them a voice,"Wed, 29 Mar 2023 10:10:28 GMT",https://www.bbc.co.uk/news/newsbeat-65110350,https://www.bbc.co.uk/news/newsbeat-65110350?at_medium=RSS&at_campaign=KARANGA,Humza Yousaf has made history as the first Muslim to lead a country in western Europe.,[' Asian']
Bridgerton: South Asian faces on TV 'makes me happy',"Tue, 22 Mar 2022 01:18:16 GMT",https://www.bbc.co.uk/news/entertainment-arts-60819829,https://www.bbc.co.uk/news/entertainment-arts-60819829?at_medium=RSS&at_campaign=KARANGA,"The casting in Bridgerton's second season is opening up an important conversation, aspiring actors say.",[' Asian']
Eleanor Williams: The lasting impact of fake rape claims,"Tue, 14 Mar 2023 16:02:12 GMT",https://www.bbc.co.uk/news/uk-england-cumbria-64950299,https://www.bbc.co.uk/news/uk-england-cumbria-64950299?at_medium=RSS&at_campaign=KARANGA,Eleanor Williams lied about being a victim of an Asian grooming gang in her home town.,[' Asian']
Woman given eight-year jail term for false rape claims,"Tue, 14 Mar 2023 14:40:27 GMT",https://www.bbc.co.uk/news/uk-england-cumbria-64950862,https://www.bbc.co.uk/news/uk-england-cumbria-64950862?at_medium=RSS&at_campaign=KARANGA,"The judge said Eleanor Williams' claims she was trafficked by an Asian gang were ""complete fiction"".",[' Asian']
Oscars 2023: Michelle Yeoh's mum in tears as she celebrates historic victory,"Mon, 13 Mar 2023 13:47:25 GMT",https://www.bbc.co.uk/news/entertainment-arts-64942684,https://www.bbc.co.uk/news/entertainment-arts-64942684?at_medium=RSS&at_campaign=KARANGA,Michelle Yeoh becomes the first Asian woman to win the Academy Award for best actress.,[' Asian']
Oscars 2023: Michelle Yeoh eyes a victory for 'unseen' Asian communities,"Thu, 09 Mar 2023 22:13:20 GMT",https://www.bbc.co.uk/news/world-asia-64820346,https://www.bbc.co.uk/news/world-asia-64820346?at_medium=RSS&at_campaign=KARANGA,The actress tells the BBC what her possible victory would mean to Asians around the world.,"[' Asian', ' Asian']"
Asian Network turns 20: 'A safe space for British Asians',"Fri, 28 Oct 2022 00:32:54 GMT",https://www.bbc.co.uk/news/newsbeat-63405757,https://www.bbc.co.uk/news/newsbeat-63405757?at_medium=RSS&at_campaign=KARANGA,"From music to cultural discussions, Asian Network has provided a ""community"" feel for 20 years.","[' Asian', ' Asian']"
'I want my film to show that queer South Asians are thriving',"Thu, 07 Apr 2022 23:40:09 GMT",https://www.bbc.co.uk/news/newsbeat-60984182,https://www.bbc.co.uk/news/newsbeat-60984182?at_medium=RSS&at_campaign=KARANGA,"Queer Parivaar explores love, sexuality and gender identity among South Asian families.","[' Asian', ' Asian']"
"Son Heung-min: 'Top man, top player' and the first Asian to reach 100 Premier League goals","Sat, 08 Apr 2023 16:44:22 GMT",https://www.bbc.co.uk/sport/football/64075588,https://www.bbc.co.uk/sport/football/64075588?at_medium=RSS&at_campaign=KARANGA,Son Heung-min is one of Asian football's first global superstars and now the continent's first player to hit 100 goals in the Premier League.,"[' Asian', ' Asian']"
South Asian diaspora recall gnawing loneliness in post-war Britain,"Sat, 09 Apr 2022 23:23:52 GMT",https://www.bbc.co.uk/news/uk-60988410,https://www.bbc.co.uk/news/uk-60988410?at_medium=RSS&at_campaign=KARANGA,How the first South Asians who moved to Britain coped far away from their homeland.,"[' Asian', ' Asian']"
Lack of ethnic diversity among egg and sperm donors,"Wed, 30 Nov 2022 00:16:37 GMT",https://www.bbc.co.uk/news/health-63796862,https://www.bbc.co.uk/news/health-63796862?at_medium=RSS&at_campaign=KARANGA,The Human Fertilisation and Embryology Authority finds a lack of Asian egg and black sperm donors.,"[' Asian', ' black']"
"Black children over-policed in schools, report says","Fri, 29 Apr 2022 01:48:30 GMT",https://www.bbc.co.uk/news/education-61263246,https://www.bbc.co.uk/news/education-61263246?at_medium=RSS&at_campaign=KARANGA,"Black children are disadvantaged by being viewed as less innocent and more adult, a report says.",[' Black']
Children as young as eight strip-searched by police,"Sun, 26 Mar 2023 22:55:43 GMT",https://www.bbc.co.uk/news/uk-65081765,https://www.bbc.co.uk/news/uk-65081765?at_medium=RSS&at_campaign=KARANGA,"Black children were six times more likely to be targeted than the overall population, figures show.",[' Black']
Wakanda Forever 'will honour Chadwick's legacy',"Thu, 10 Nov 2022 17:37:28 GMT",https://www.bbc.co.uk/news/newsbeat-63589041,https://www.bbc.co.uk/news/newsbeat-63589041?at_medium=RSS&at_campaign=KARANGA,"Letitia Wright, Danai Gurira and Lupita Nyong’o talk emotions and filming the Black Panther sequel.",[' Black']
Long-term plan to tackle racial disparity in UK,"Wed, 16 Mar 2022 23:55:01 GMT",https://www.bbc.co.uk/news/education-60769468,https://www.bbc.co.uk/news/education-60769468?at_medium=RSS&at_campaign=KARANGA,"The ""Inclusive Britain"" plan was developed in response to the Black Lives Matter protests in 2020.",[' Black']
Super Mario Bros. movie: Jack Black on the rise of game adaptations,"Tue, 04 Apr 2023 23:42:49 GMT",https://www.bbc.co.uk/news/entertainment-arts-65170583,https://www.bbc.co.uk/news/entertainment-arts-65170583?at_medium=RSS&at_campaign=KARANGA,The film star expects more gaming adaptations in future and predicts a Red Dead Redemption movie.,[' Black']
UK Black Pride event returns to London,"Sun, 14 Aug 2022 17:13:49 GMT",https://www.bbc.co.uk/news/uk-england-london-62542742,https://www.bbc.co.uk/news/uk-england-london-62542742?at_medium=RSS&at_campaign=KARANGA,"Mayor of London Sadiq Khan says he is ""proud to support"" an event that is ""more vital than ever"".",[' Black']
"Organ transplants: Black people wait up to six months longer, NHS figures show","Thu, 12 Jan 2023 00:07:14 GMT",https://www.bbc.co.uk/news/uk-64235369,https://www.bbc.co.uk/news/uk-64235369?at_medium=RSS&at_campaign=KARANGA,"The NHS says there is an ""urgent need"" for ethnic minority organ donors to help find the best matches.",[' Black']
The singer who changed one word in Canada's anthem,"Tue, 21 Feb 2023 21:37:16 GMT",https://www.bbc.co.uk/news/world-us-canada-64722763,https://www.bbc.co.uk/news/world-us-canada-64722763?at_medium=RSS&at_campaign=KARANGA,Singer Jully Black has gotten a lot of reaction for her rendition of O Canada at an NBA game.,[' Black']
Sundiata Acoli: US Black Panther wins parole after half a century,"Wed, 11 May 2022 01:25:00 GMT",https://www.bbc.co.uk/news/world-us-canada-61339182,https://www.bbc.co.uk/news/world-us-canada-61339182?at_medium=RSS&at_campaign=KARANGA,"Sundiata Acoli, 85, has been in prison for almost five decades for the 1973 murder of a policeman.",[' Black']
Col Paris Davis: Black Vietnam veteran to finally receive Medal of Honor,"Tue, 14 Feb 2023 20:18:28 GMT",https://www.bbc.co.uk/news/world-us-canada-64643735,https://www.bbc.co.uk/news/world-us-canada-64643735?at_medium=RSS&at_campaign=KARANGA,US President Joe Biden personally calls retired Col Paris Davis after a wait of almost sixty years.,[' Black']
Arsenal 1-0 Manchester City: Gunners reach Continental League Cup final,"Wed, 08 Feb 2023 22:31:39 GMT",https://www.bbc.co.uk/sport/football/64561487,https://www.bbc.co.uk/sport/football/64561487?at_medium=RSS&at_campaign=KARANGA,Stina Blackstenius' extra-time strike sends Arsenal past holders Manchester City and through to the Continental League Cup final.,[' Black']
Oscars 2023: Till director Chinonye Chukwu calls out misogyny and racism after snub,"Wed, 25 Jan 2023 13:26:11 GMT",https://www.bbc.co.uk/news/entertainment-arts-64396730,https://www.bbc.co.uk/news/entertainment-arts-64396730?at_medium=RSS&at_campaign=KARANGA,"Chinonye Chukwu, who wrote and directed Till, says there's ""unabashed misogyny towards Black women"".",[' Black']
Iraq War: The helmet that saved a Black Watch soldier's life,"Mon, 20 Mar 2023 06:25:35 GMT",https://www.bbc.co.uk/news/uk-scotland-65008347,https://www.bbc.co.uk/news/uk-scotland-65008347?at_medium=RSS&at_campaign=KARANGA,"Black Watch veteran Kevin Stacey served three tours of Iraq, despite being seriously injured by a bomb.","[' Black', ' Black']"
Why singer Jully Black changed one word in Canada's national anthem,"Tue, 21 Feb 2023 21:37:16 GMT",https://www.bbc.co.uk/news/world-us-canada-64722763,https://www.bbc.co.uk/news/world-us-canada-64722763?at_medium=RSS&at_campaign=KARANGA,Singer Jully Black has gotten a lot of reaction for her rendition of O Canada at an NBA game.,"[' Black', ' Black']"
Brathwaite and Blackwood centuries thwart wasteful England,"Fri, 18 Mar 2022 22:14:52 GMT",https://www.bbc.co.uk/sport/cricket/60798060,https://www.bbc.co.uk/sport/cricket/60798060?at_medium=RSS&at_campaign=KARANGA,A dogged unbeaten century from Kraigg Brathwaite and Jermaine Blackwood's 102 blunts England on day three of the second Test in Barbados.,"[' Black', ' Black']"
Brazil at work: Black and held back,"Tue, 05 Apr 2022 23:52:18 GMT",https://www.bbc.co.uk/news/world-latin-america-60980009,https://www.bbc.co.uk/news/world-latin-america-60980009?at_medium=RSS&at_campaign=KARANGA,Brazil has one of the largest black and mixed race populations but black people only hold 6% of managerial posts.,"[' Black', ' black', ' black']"
Brazil at work: Black and held back,"Tue, 05 Apr 2022 23:52:18 GMT",https://www.bbc.co.uk/news/world-latin-america-60980009,https://www.bbc.co.uk/news/world-latin-america-60980009?at_medium=RSS&at_campaign=KARANGA,Brazil has one of the world's largest black populations but black people only hold 6% of managerial posts.,"[' Black', ' black', ' black']"
Malorie Blackman calls for year-round black history in schools,"Wed, 19 Oct 2022 23:55:54 GMT",https://www.bbc.co.uk/news/education-63291527,https://www.bbc.co.uk/news/education-63291527?at_medium=RSS&at_campaign=KARANGA,"The Noughts and Crosses author says schools should teach ""whole-truth"" black history all year round.","[' Black', ' black', ' black']"
Reparations: The US town paying its black residents,"Tue, 11 Oct 2022 23:58:19 GMT",https://www.bbc.co.uk/news/world-us-canada-63165668,https://www.bbc.co.uk/news/world-us-canada-63165668?at_medium=RSS&at_campaign=KARANGA,"Evanston, Illinois is in the middle of an unusual experiment to redress racial injustice.",[' black']
Ukraine war round-up: Russian military exhausted and US tech giant Meta blacklisted,"Tue, 11 Oct 2022 20:02:59 GMT",https://www.bbc.co.uk/news/world-europe-63222404,https://www.bbc.co.uk/news/world-europe-63222404?at_medium=RSS&at_campaign=KARANGA,"Speaking to the BBC, a UK spy chief says Russia is ""desperate"" but still capable of causing damage.",[' black']
Aggressive breast cancer hits black women harder,"Tue, 25 Oct 2022 23:54:29 GMT",https://www.bbc.co.uk/news/health-63231765,https://www.bbc.co.uk/news/health-63231765?at_medium=RSS&at_campaign=KARANGA,New research shows a genetic link between African ancestry and triple negative breast cancer.,[' black']
How the ‘man in black’ was exposed by the Russian women he terrorised,"Wed, 07 Sep 2022 23:27:13 GMT",https://www.bbc.co.uk/news/world-europe-62799246,https://www.bbc.co.uk/news/world-europe-62799246?at_medium=RSS&at_campaign=KARANGA,"A Russian policeman’s takeaway order helped the group expose his identity, after he threatened and hit them.",[' black']
The rise and fall of a legendary black nightclub,"Fri, 07 Oct 2022 23:43:54 GMT",https://www.bbc.co.uk/news/stories-63161434,https://www.bbc.co.uk/news/stories-63161434?at_medium=RSS&at_campaign=KARANGA,Racism fuelled Phil Magbotiwan's determination to open his own nightclub.,[' black']
Princess Diana's Ford Escort sells for £650K at auction,"Sat, 27 Aug 2022 16:19:58 GMT",https://www.bbc.co.uk/news/uk-england-coventry-warwickshire-62701247,https://www.bbc.co.uk/news/uk-england-coventry-warwickshire-62701247?at_medium=RSS&at_campaign=KARANGA,"The black 1986 RS Turbo was sold to a buyer in Cheshire following ""global"" interest in the car.",[' black']
55 Tufton Street: The other black door shaping British politics,"Mon, 26 Sep 2022 18:26:18 GMT",https://www.bbc.co.uk/news/uk-politics-63039558,https://www.bbc.co.uk/news/uk-politics-63039558?at_medium=RSS&at_campaign=KARANGA,55 Tufton Street has hosted organisations that have had a big political impact over the last decade.,[' black']
Stormzy says the 'token black artist' trope needs to die,"Wed, 16 Nov 2022 00:47:15 GMT",https://www.bbc.co.uk/news/entertainment-arts-63638704,https://www.bbc.co.uk/news/entertainment-arts-63638704?at_medium=RSS&at_campaign=KARANGA,"The rapper wants to promote his peers and predecessors, to combat prejudice in the music industry.",[' black']
French parliament stopped over 'racist' remark,"Thu, 03 Nov 2022 21:46:11 GMT",https://www.bbc.co.uk/news/world-asia-63507371,https://www.bbc.co.uk/news/world-asia-63507371?at_medium=RSS&at_campaign=KARANGA,"A far-right MP denies telling a black colleague to ""go back to Africa"" as he talks about immigration.",[' black']
Super Bowl 2023: Patrick Mahomes and Jalen Hurts making NFL history in Arizona,"Tue, 07 Feb 2023 13:33:43 GMT",https://www.bbc.co.uk/sport/american-football/64549158,https://www.bbc.co.uk/sport/american-football/64549158?at_medium=RSS&at_campaign=KARANGA,"We look at why having two black quarterbacks in the Super Bowl is such a big moment for the NFL, and profile star men Patrick Mahomes and Jalen Hurts.",[' black']
Why US mothers are more likely to die in childbirth,"Fri, 17 Mar 2023 15:05:33 GMT",https://www.bbc.co.uk/news/world-us-canada-64981965,https://www.bbc.co.uk/news/world-us-canada-64981965?at_medium=RSS&at_campaign=KARANGA,"Maternal mortality spiked by 40 percent in 2021, with black women more likely to die.",[' black']
Dread Broadcasting Corporation: The pirate that changed British radio,"Sun, 27 Nov 2022 00:43:28 GMT",https://www.bbc.co.uk/news/stories-63746512,https://www.bbc.co.uk/news/stories-63746512?at_medium=RSS&at_campaign=KARANGA,"Europe's first dedicated black music station, Dread Broadcasting Corporation",[' black']
Cambridge University's Jason Arday becomes youngest black professor,"Thu, 23 Feb 2023 06:11:27 GMT",https://www.bbc.co.uk/news/uk-england-cambridgeshire-64717079,https://www.bbc.co.uk/news/uk-england-cambridgeshire-64717079?at_medium=RSS&at_campaign=KARANGA,Sociologist Prof Jason Arday trained as a PE teacher before turning to academia.,[' black']
Pelé: Why black Brazilians like me mourn the King,"Fri, 30 Dec 2022 21:38:30 GMT",https://www.bbc.co.uk/news/world-latin-america-64128776,https://www.bbc.co.uk/news/world-latin-america-64128776?at_medium=RSS&at_campaign=KARANGA,Pelé won his first World Cup only 70 years after slavery was finally abolished in Brazil.,[' black']
Pelé: Why black Brazilians like me mourn the king,"Fri, 30 Dec 2022 21:38:30 GMT",https://www.bbc.co.uk/news/world-latin-america-64128776,https://www.bbc.co.uk/news/world-latin-america-64128776?at_medium=RSS&at_campaign=KARANGA,Pelé won his first World Cup only 70 years after slavery was finally abolished in Brazil.,[' black']
"Pele in Africa: The man, the myth, the legend","Sat, 31 Dec 2022 00:49:27 GMT",https://www.bbc.co.uk/news/world-africa-64126695,https://www.bbc.co.uk/news/world-africa-64126695?at_medium=RSS&at_campaign=KARANGA,The first black football icon had a huge impact in Africa and his trips to the continent were full of drama.,[' black']
"OCD: 'I was afraid to talk about it, but you shouldn't be'","Mon, 02 Jan 2023 07:26:15 GMT",https://www.bbc.co.uk/news/science-environment-63993395,https://www.bbc.co.uk/news/science-environment-63993395?at_medium=RSS&at_campaign=KARANGA,People in the black community are urging others to speak out about their experience with OCD.,[' black']
Super Bowl 57: Patrick Mahomes and Jalen Hurts making NFL history in Arizona,"Tue, 07 Feb 2023 13:33:43 GMT",https://www.bbc.co.uk/sport/american-football/64549158,https://www.bbc.co.uk/sport/american-football/64549158?at_medium=RSS&at_campaign=KARANGA,"We look at why having two black quarterbacks in the Super Bowl is such a big moment for the NFL, and profile star men Patrick Mahomes and Jalen Hurts.",[' black']
MPs want inquiry into Ashford school after attack on black schoolgirl,"Thu, 09 Feb 2023 18:36:49 GMT",https://www.bbc.co.uk/news/uk-england-surrey-64585043,https://www.bbc.co.uk/news/uk-england-surrey-64585043?at_medium=RSS&at_campaign=KARANGA,A protest was held after the suspected racially-aggravated assault on the girl in Surrey.,[' black']
"Black women missing from tech industry, says report","Thu, 27 Oct 2022 01:21:31 GMT",https://www.bbc.co.uk/news/technology-63402337,https://www.bbc.co.uk/news/technology-63402337?at_medium=RSS&at_campaign=KARANGA,"A report says an additional 20,000 black women need to be recruited to match numbers in the wider workforce.",[' black']
Harry and Meghan Netflix series 'behind closed doors',"Thu, 01 Dec 2022 17:45:44 GMT",https://www.bbc.co.uk/news/uk-63824394,https://www.bbc.co.uk/news/uk-63824394?at_medium=RSS&at_campaign=KARANGA,The first trailer comes amid a race row sparked by comments made to a black guest at a royal reception.,[' black']
'I just don't think we're being listened to',"Fri, 11 Mar 2022 04:26:46 GMT",https://www.bbc.co.uk/news/world-us-canada-60698394,https://www.bbc.co.uk/news/world-us-canada-60698394?at_medium=RSS&at_campaign=KARANGA,The BBC spoke to four black women about their experiences with pregnancy loss in the US healthcare system.,[' black']
Black hair care: 'I travelled seven hours to get my hair done',"Thu, 05 May 2022 01:16:38 GMT",https://www.bbc.co.uk/news/newsbeat-61310533,https://www.bbc.co.uk/news/newsbeat-61310533?at_medium=RSS&at_campaign=KARANGA,Radio 1 Newsbeat explores what's being done to make hair salons more inclusive for black people.,[' black']
Patrick Lyoya: Could rethink of US police traffic stops save lives?,"Sat, 16 Apr 2022 14:10:55 GMT",https://www.bbc.co.uk/news/world-us-canada-61123590,https://www.bbc.co.uk/news/world-us-canada-61123590?at_medium=RSS&at_campaign=KARANGA,The death of a black man in Michigan after a traffic stop raises questions about police use of force.,[' black']
'I am only the UK's sixth black female QC',"Sun, 17 Apr 2022 23:02:10 GMT",https://www.bbc.co.uk/news/uk-england-london-61101239,https://www.bbc.co.uk/news/uk-england-london-61101239?at_medium=RSS&at_campaign=KARANGA,"Nneka Akudolu was told she had little chance of becoming a barrister, now she's a Queen's Counsel.",[' black']
Trailblazing Star Trek actress Nichelle Nichols dies at 89,"Sun, 31 Jul 2022 21:57:34 GMT",https://www.bbc.co.uk/news/entertainment-arts-62373143,https://www.bbc.co.uk/news/entertainment-arts-62373143?at_medium=RSS&at_campaign=KARANGA,She became one of the first black American actresses to play a figure in authority on US television.,[' black']
'What are we supposed to feed our babies?',"Sat, 18 Jun 2022 23:30:17 GMT",https://www.bbc.co.uk/news/business-61752799,https://www.bbc.co.uk/news/business-61752799?at_medium=RSS&at_campaign=KARANGA,"As the US grapples with a formula crisis, parents are turning to the black market for supplies.",[' black']
Kenyan climber joins first all-black team attempting Mount Everest,"Fri, 08 Apr 2022 23:41:05 GMT",https://www.bbc.co.uk/news/world-africa-61035711,https://www.bbc.co.uk/news/world-africa-61035711?at_medium=RSS&at_campaign=KARANGA,Kenya's James Kagambi is the oldest in a group out to inspire black people to take up mountaineering.,[' black']
Madelaine McTernan named as new HRT tsar,"Fri, 29 Apr 2022 01:42:53 GMT",https://www.bbc.co.uk/news/health-61255842,https://www.bbc.co.uk/news/health-61255842?at_medium=RSS&at_campaign=KARANGA,A UK-wide hormone-replacement therapy crisis has seen women turning to the black market.,[' black']
Country pop to black spandex - the life of Olivia Newton-John,"Mon, 08 Aug 2022 19:50:50 GMT",https://www.bbc.co.uk/news/entertainment-arts-40105353,https://www.bbc.co.uk/news/entertainment-arts-40105353?at_medium=RSS&at_campaign=KARANGA,The Grammy award-winning singer found enduring fame in the film Grease.,[' black']
‘I thought being black meant I couldn’t get skin cancer’,"Fri, 15 Jul 2022 23:12:50 GMT",https://www.bbc.co.uk/news/health-62155509,https://www.bbc.co.uk/news/health-62155509?at_medium=RSS&at_campaign=KARANGA,One woman warns others to learn from her mistakes and use sunscreen.,[' black']
Alopecia: 'So much of black beauty is derived from your hair',"Thu, 31 Mar 2022 10:01:36 GMT",https://www.bbc.co.uk/news/newsbeat-60940277,https://www.bbc.co.uk/news/newsbeat-60940277?at_medium=RSS&at_campaign=KARANGA,Women who have experienced alopecia speak about Jada Pinkett-Smith's 'bravery' after Oscars joke.,[' black']
"Ukraine attention shows bias against black lives, WHO chief says","Wed, 13 Apr 2022 20:53:35 GMT",https://www.bbc.co.uk/news/world-61101732,https://www.bbc.co.uk/news/world-61101732?at_medium=RSS&at_campaign=KARANGA,The WHO chief says a fraction of the help given to Ukraine has been given to other humanitarian crises.,[' black']
Letter from Africa: How racism haunts black people in Italy,"Mon, 15 Aug 2022 00:02:11 GMT",https://www.bbc.co.uk/news/world-africa-62476406,https://www.bbc.co.uk/news/world-africa-62476406?at_medium=RSS&at_campaign=KARANGA,"The murder of a Nigerian vendor has shaken a community in Italy, writes Ismail Einashe.",[' black']
"Police failing to bring in talent from black communities, says racism lead","Tue, 22 Mar 2022 02:00:57 GMT",https://www.bbc.co.uk/news/uk-60826602,https://www.bbc.co.uk/news/uk-60826602?at_medium=RSS&at_campaign=KARANGA,The man tasked with tackling racism in the police says racist incidents have been damaging.,[' black']
War in Ukraine: Backlash in Russia against anti-war musicians,"Sun, 20 Mar 2022 18:11:36 GMT",https://www.bbc.co.uk/news/world-europe-60814306,https://www.bbc.co.uk/news/world-europe-60814306?at_medium=RSS&at_campaign=KARANGA,"Banned from radio stations and rumoured black lists, artists against the war face a difficult moment.",[' black']
Karine Jean-Pierre: White House names first black press secretary,"Thu, 05 May 2022 21:26:26 GMT",https://www.bbc.co.uk/news/world-us-canada-61274336,https://www.bbc.co.uk/news/world-us-canada-61274336?at_medium=RSS&at_campaign=KARANGA,Karine Jean-Pierre will replace Jen Psaki in the top role at the end of next week.,[' black']
The black evangelical women who'll decide who governs Brazil,"Wed, 11 May 2022 23:07:08 GMT",https://www.bbc.co.uk/news/world-latin-america-61412663,https://www.bbc.co.uk/news/world-latin-america-61412663?at_medium=RSS&at_campaign=KARANGA,Evangelical Christian women of colour were kingmakers in Brazil's last presidential election and look set to be so again.,[' black']
Scientists claim hairy black holes explain Hawking paradox,"Thu, 17 Mar 2022 04:57:23 GMT",https://www.bbc.co.uk/news/science-environment-60708711,https://www.bbc.co.uk/news/science-environment-60708711?at_medium=RSS&at_campaign=KARANGA,"Researchers say they have solved one of science's biggest paradoxes, first identified by Prof Stephen Hawking.",[' black']
Pregnancy loss: 'I just don't think we're being listened to',"Fri, 11 Mar 2022 04:26:46 GMT",https://www.bbc.co.uk/news/world-us-canada-60698394,https://www.bbc.co.uk/news/world-us-canada-60698394?at_medium=RSS&at_campaign=KARANGA,Four black women explain their devastating experiences with pregnancy loss in US healthcare system.,[' black']
Buffalo shooting: Gunman deliberately sought black victims - mayor,"Mon, 16 May 2022 01:10:56 GMT",https://www.bbc.co.uk/news/world-us-canada-61459023,https://www.bbc.co.uk/news/world-us-canada-61459023?at_medium=RSS&at_campaign=KARANGA,Questions are being asked about how the suspect carried out the attack when he was known to authorities.,[' black']
"China plane crash: All 132 passengers and crew dead, officials confirm","Sat, 26 Mar 2022 16:27:29 GMT",https://www.bbc.co.uk/news/world-asia-china-60887970,https://www.bbc.co.uk/news/world-asia-china-60887970?at_medium=RSS&at_campaign=KARANGA,Rescue teams are still searching for the second black box at the site of the plane crash in Guangxi.,[' black']
DJ Ace: 1Xtra presenter wants to talk about live organ donation,"Sat, 30 Jul 2022 06:25:19 GMT",https://www.bbc.co.uk/news/newsbeat-62347485,https://www.bbc.co.uk/news/newsbeat-62347485?at_medium=RSS&at_campaign=KARANGA,Radio 1Xtra's DJ Ace says more black and Asian people need to be aware they can donate while living.,"[' black', ' Asian']"
Ketanji Brown Jackson 'means the world' to every black girl,"Fri, 08 Apr 2022 21:51:31 GMT",https://www.bbc.co.uk/news/world-us-canada-61018765,https://www.bbc.co.uk/news/world-us-canada-61018765?at_medium=RSS&at_campaign=KARANGA,Black female law students celebrate a historic confirmation to the US Supreme Court.,"[' black', ' Black']"
US parents turn to black market due to formula shortage,"Sat, 18 Jun 2022 23:30:17 GMT",https://www.bbc.co.uk/news/business-61752799,https://www.bbc.co.uk/news/business-61752799?at_medium=RSS&at_campaign=KARANGA,"As the US grapples with a formula crisis, parents are turning to the black market for supplies.","[' black', ' black']"
Inside Honduras’s abortion pill black market,"Fri, 09 Dec 2022 00:53:52 GMT",https://www.bbc.co.uk/news/world-latin-america-63905544,https://www.bbc.co.uk/news/world-latin-america-63905544?at_medium=RSS&at_campaign=KARANGA,"Honduras's president pledged to relax abortion laws, but an abortion-pill black market still thrives.","[' black', ' black']"
Why I want to talk about STIs in the black community,"Thu, 28 Jul 2022 01:22:52 GMT",https://www.bbc.co.uk/news/uk-62269510,https://www.bbc.co.uk/news/uk-62269510?at_medium=RSS&at_campaign=KARANGA,Cherry Wilson looks into why sexually transmitted infection rates are higher in the black community.,"[' black', ' black']"
Patrick Lyoya: Video shows fatal US police shooting of black man,"Thu, 14 Apr 2022 06:30:08 GMT",https://www.bbc.co.uk/news/world-us-canada-61102065,https://www.bbc.co.uk/news/world-us-canada-61102065?at_medium=RSS&at_campaign=KARANGA,The shooting of an apparently unarmed black man on 4 April in Michigan has led to protests.,"[' black', ' black']"
Pele: Premier League and EFL players wear black armbands to honour footballing great,"Fri, 30 Dec 2022 22:54:09 GMT",https://www.bbc.co.uk/sport/football/64125638,https://www.bbc.co.uk/sport/football/64125638?at_medium=RSS&at_campaign=KARANGA,Premier League and English Football League clubs wore black armbands and held a minute's applause before kick-off in Friday's games in honour of Brazil legend Pele.,"[' black', ' black']"
Stormzy: Mel Made Me Do It 'celebrates black British excellence',"Fri, 23 Sep 2022 16:52:54 GMT",https://www.bbc.co.uk/news/newsbeat-63010712,https://www.bbc.co.uk/news/newsbeat-63010712?at_medium=RSS&at_campaign=KARANGA,The rapper's latest video stars a huge cast of black cultural icons - and it's got people excited.,"[' black', ' black']"
Radio 1Xtra's 20th anniversary: 'Going beyond black music',"Tue, 16 Aug 2022 00:39:51 GMT",https://www.bbc.co.uk/news/newsbeat-62550649,https://www.bbc.co.uk/news/newsbeat-62550649?at_medium=RSS&at_campaign=KARANGA,"From big artists to huge cultural moments, 1Xtra ""has represented black culture"" for 20 years.","[' black', ' black']"
Anger and grief as crowds rally to support Child Q,"Mon, 21 Mar 2022 03:48:48 GMT",https://www.bbc.co.uk/news/uk-60816934,https://www.bbc.co.uk/news/uk-60816934?at_medium=RSS&at_campaign=KARANGA,Hundreds of people marched through north London. Their message? Let black girls be black girls.,"[' black', ' black']"
America's race gap between black and white homeowners,"Sat, 09 Jul 2022 23:42:31 GMT",https://www.bbc.co.uk/news/business-61845304,https://www.bbc.co.uk/news/business-61845304?at_medium=RSS&at_campaign=KARANGA,Black Americans are almost twice as likely to be denied a mortgage than their white counterparts.,"[' black', 'white', ' Black', 'white']"
Fulham 3-0 Preston North End: Whites clinch Premier League return,"Tue, 19 Apr 2022 22:01:24 GMT",https://www.bbc.co.uk/sport/football/61075987,https://www.bbc.co.uk/sport/football/61075987?at_medium=RSS&at_campaign=KARANGA,Fulham crush Preston to seal their Premier League return as Aleksandar Mitrovic's double takes his season's tally to 40 goals,['White']
Has #OscarsSoWhite changed Hollywood? ,"Thu, 09 Mar 2023 12:13:50 GMT",https://www.bbc.co.uk/news/world-us-canada-64883399,https://www.bbc.co.uk/news/world-us-canada-64883399?at_medium=RSS&at_campaign=KARANGA,This year's Oscar nominees speak about the steps that have been taken - and the road still ahead,['White']
How #OscarsSoWhite changed the Academy Awards,"Thu, 09 Mar 2023 12:13:50 GMT",https://www.bbc.co.uk/news/world-us-canada-64883399,https://www.bbc.co.uk/news/world-us-canada-64883399?at_medium=RSS&at_campaign=KARANGA,This year's Oscar nominees speak about the steps that have been taken - and the road still ahead,['White']
Leeds 5-2 Cardiff: Wilfried Gnonto and Patrick Bamford doubles help Whites into round four,"Wed, 18 Jan 2023 21:55:49 GMT",https://www.bbc.co.uk/sport/football/64262062,https://www.bbc.co.uk/sport/football/64262062?at_medium=RSS&at_campaign=KARANGA,Wilfried Gnonto scores twice - including one of the goals of this FA Cup season after 26 seconds - as Leeds hammer Cardiff in a replay to reach the fourth round.,['White']
Leeds United 0-3 Chelsea: Blues close in on Champions League and leave Whites in bottom three,"Wed, 11 May 2022 22:04:48 GMT",https://www.bbc.co.uk/sport/football/61316069,https://www.bbc.co.uk/sport/football/61316069?at_medium=RSS&at_campaign=KARANGA,"Leeds boss Jesse Marsch has a feeling of ""deja vu"" as his side concede early and have a player sent off - with their 3-0 defeat by Chelsea keeping them in the relegation zone.",['White']
Leeds United 2-1 Nottingham Forest: Whites secure crucial comeback win over relegation rivals,"Tue, 04 Apr 2023 20:52:31 GMT",https://www.bbc.co.uk/sport/football/62791146,https://www.bbc.co.uk/sport/football/62791146?at_medium=RSS&at_campaign=KARANGA,Leeds claim a huge victory in their quest to remain in the Premier League as they came from behind to beat relegation rivals Nottingham Forest and move out of the bottom three.,['White']
"Dover: Boy died in fall off White Cliffs on 12th birthday, inquest told","Wed, 17 Aug 2022 16:22:26 GMT",https://www.bbc.co.uk/news/uk-england-kent-62581544,https://www.bbc.co.uk/news/uk-england-kent-62581544?at_medium=RSS&at_campaign=KARANGA,A coroner in Maidstone rules Mati Urb's death on a family holiday to the Kent coast was an accident.,['White']
White Christmas forecast for parts of Scotland,"Fri, 23 Dec 2022 23:16:04 GMT",https://www.bbc.co.uk/news/uk-scotland-64080993,https://www.bbc.co.uk/news/uk-scotland-64080993?at_medium=RSS&at_campaign=KARANGA,A Met Office yellow alert for snow and ice has been put in place for Christmas Day and Boxing Day.,['White']
Haverfordwest: 240 skeletons found under Ocky White store,"Mon, 10 Oct 2022 21:57:13 GMT",https://www.bbc.co.uk/news/uk-wales-63193600,https://www.bbc.co.uk/news/uk-wales-63193600?at_medium=RSS&at_campaign=KARANGA,"Remains of more than 240 people, half of which are children, found at medieval priory in west Wales.",['White']
How Gabon saved its forest elephants,"Sat, 18 Jun 2022 23:16:42 GMT",https://www.bbc.co.uk/news/stories-61832589,https://www.bbc.co.uk/news/stories-61832589?at_medium=RSS&at_campaign=KARANGA,Biologist Lee White explains how creating national parks revived Gabon’s elephant population.,['White']
Energy prices: It's costing more to keep me alive,"Fri, 26 Aug 2022 10:43:08 GMT",https://www.bbc.co.uk/news/uk-62685068,https://www.bbc.co.uk/news/uk-62685068?at_medium=RSS&at_campaign=KARANGA,Dawn White has renal failure and worries about the growing energy cost of her haemodialysis machine.,['White']
Emmys: TV awards kick off in Hollywood,"Tue, 13 Sep 2022 00:55:51 GMT",https://www.bbc.co.uk/news/entertainment-arts-62796137,https://www.bbc.co.uk/news/entertainment-arts-62796137?at_medium=RSS&at_campaign=KARANGA,"There are early wins for shows including Succession, Dopesick, Ozark and White Lotus.",['White']
Leeds United 1-1 Everton: Luis Sinisterra scores first Premier League goal for Whites,"Tue, 30 Aug 2022 22:13:30 GMT",https://www.bbc.co.uk/sport/football/62641732,https://www.bbc.co.uk/sport/football/62641732?at_medium=RSS&at_campaign=KARANGA,Luis Sinisterra scores his first Premier League goal for Leeds as they drew with Everton at Elland Road.,['White']
Charlene White: Working on 1Xtra shaped me as a person,"Wed, 17 Aug 2022 07:59:25 GMT",https://www.bbc.co.uk/news/newsbeat-62561595,https://www.bbc.co.uk/news/newsbeat-62561595?at_medium=RSS&at_campaign=KARANGA,Newsreader Charlene White says her time on Radio 1Xtra inspired her to tell stories that matter.,"['White', 'White']"
MLB: Felix White prepares for BBC commentary on New York Yankees v Boston Red Sox,"Thu, 22 Sep 2022 12:42:45 GMT",https://www.bbc.co.uk/sport/av/baseball/62996346,https://www.bbc.co.uk/sport/av/baseball/62996346?at_medium=RSS&at_campaign=KARANGA,"Tailenders' podcaster Felix White trades cricket for baseball as he visits Fenway Park to prepare to commentate on New York Yankees v Boston Red Sox live on the BBC this Saturday,","['White', 'White']"
Missing Alabama guard and inmate had 'special relationship',"Wed, 04 May 2022 02:43:42 GMT",https://www.bbc.co.uk/news/world-us-canada-61315333,https://www.bbc.co.uk/news/world-us-canada-61315333?at_medium=RSS&at_campaign=KARANGA,A massive manhunt is underway for murder suspect Casey White and guard Vicky White.,"['White', 'White']"
Guard dead and inmate captured after manhunt,"Tue, 10 May 2022 01:44:35 GMT",https://www.bbc.co.uk/news/world-us-canada-61388789,https://www.bbc.co.uk/news/world-us-canada-61388789?at_medium=RSS&at_campaign=KARANGA,Casey White and guard Vicky White were suspected of having struck up a relationship.,"['White', 'White']"
Jimmy White's bid for World Championship return ends in second round of qualifying,"Thu, 06 Apr 2023 18:37:29 GMT",https://www.bbc.co.uk/sport/snooker/65208980,https://www.bbc.co.uk/sport/snooker/65208980?at_medium=RSS&at_campaign=KARANGA,Jimmy White's bid to return to the World Championship ends in the second round of qualifying as he loses to Martin O'Donnell at the English Institute of Sport in Sheffield.,"['White', 'White']"
UFC president Dana White suggests he will not be punished for slapping wife,"Wed, 11 Jan 2023 22:34:53 GMT",https://www.bbc.co.uk/sport/mixed-martial-arts/64244413,https://www.bbc.co.uk/sport/mixed-martial-arts/64244413?at_medium=RSS&at_campaign=KARANGA,UFC president Dana White suggests he will not be punished by the organisation for his part in an altercation with his wife.,"['White', 'White']"
Daniel White strangled and slit wife's throat in their home,"Fri, 24 Mar 2023 22:27:44 GMT",https://www.bbc.co.uk/news/uk-wales-65067194,https://www.bbc.co.uk/news/uk-wales-65067194?at_medium=RSS&at_campaign=KARANGA,"Daniel White kicked open his wife's locked door, strangled her and then cut her throat.","['White', 'White']"
Ellen White suffered punctured lung during acupuncture,"Fri, 26 Aug 2022 18:59:32 GMT",https://www.bbc.co.uk/sport/football/62692632,https://www.bbc.co.uk/sport/football/62692632?at_medium=RSS&at_campaign=KARANGA,England striker Ellen White says a punctured lung she suffered last year while receiving acupuncture treatment accelerated her retirement.,"['White', 'White']"
"Earth, Wind & Fire drummer Fred White dies aged 67","Mon, 02 Jan 2023 23:16:38 GMT",https://www.bbc.co.uk/news/entertainment-arts-64148843,https://www.bbc.co.uk/news/entertainment-arts-64148843?at_medium=RSS&at_campaign=KARANGA,Child drumming prodigy White was one of the early members of the band with several of his brothers.,"['White', 'White']"
England: Ben White leaves World Cup squad in Qatar for personal reasons,"Wed, 30 Nov 2022 19:10:54 GMT",https://www.bbc.co.uk/sport/football/63808727,https://www.bbc.co.uk/sport/football/63808727?at_medium=RSS&at_campaign=KARANGA,Defender Ben White leaves England's World Cup squad in Qatar to return home for personal reasons and is not expected to return for the remainder of the tournament.,"['White', 'White']"
Ellen White: How England's record scorer will be remembered,"Mon, 22 Aug 2022 19:49:10 GMT",https://www.bbc.co.uk/sport/football/62639550,https://www.bbc.co.uk/sport/football/62639550?at_medium=RSS&at_campaign=KARANGA,Legendary striker Ellen White has left her mark on English football - this is how she will be remembered.,"['White', 'White']"
MLB: Texas Rangers' Eli White makes 'outrageous' catch to stop home run against Tampa Bay Rays,"Wed, 01 Jun 2022 10:47:13 GMT",https://www.bbc.co.uk/sport/av/baseball/61660772,https://www.bbc.co.uk/sport/av/baseball/61660772?at_medium=RSS&at_campaign=KARANGA,Watch as Eli White makes an incredible catch to prevent a home run during Texas Rangers' 3-0 win over Tampa Bay Rays.,"['White', 'White']"
Bollywood musical DDLJ accused of 'whitewashing',"Fri, 05 Aug 2022 18:46:49 GMT",https://www.bbc.co.uk/news/newsbeat-62437180,https://www.bbc.co.uk/news/newsbeat-62437180?at_medium=RSS&at_campaign=KARANGA,Fans of the popular film are angry the character of Raj is being reimagined as a white man called Rog.,['white']
RAF diversity: Senior female recruitment officer resigns over targets,"Wed, 17 Aug 2022 16:53:56 GMT",https://www.bbc.co.uk/news/uk-62582156,https://www.bbc.co.uk/news/uk-62582156?at_medium=RSS&at_campaign=KARANGA,The officer was reportedly pressured to hire more women and ethnic minorities rather than white men.,['white']
'We need more school governors who look like me',"Wed, 30 Mar 2022 23:32:10 GMT",https://www.bbc.co.uk/news/education-60912316,https://www.bbc.co.uk/news/education-60912316?at_medium=RSS&at_campaign=KARANGA,"Nine out of 10 governors who responded to a questionnaire were white, and 57% were over 55.",['white']
West Brom women change shorts colour to navy because of period concerns,"Thu, 29 Sep 2022 16:21:49 GMT",https://www.bbc.co.uk/sport/football/63080111,https://www.bbc.co.uk/sport/football/63080111?at_medium=RSS&at_campaign=KARANGA,West Bromwich Albion women will wear navy shorts because of concerns about having to wear white while on their periods.,['white']
France whale: Lost mammal stuck in River Seine to get vitamin boost,"Sun, 07 Aug 2022 01:11:24 GMT",https://www.bbc.co.uk/news/world-europe-62453347,https://www.bbc.co.uk/news/world-europe-62453347?at_medium=RSS&at_campaign=KARANGA,The visibly malnourished all-white beluga has been stuck 70km north of Paris since at least Tuesday.,['white']
The town destroyed to make way for a whites-only suburb,"Fri, 29 Jul 2022 23:54:06 GMT",https://www.bbc.co.uk/news/stories-62325802,https://www.bbc.co.uk/news/stories-62325802?at_medium=RSS&at_campaign=KARANGA,“We won’t move!” – The first ‘forced removals’ of apartheid-era South Africa,['white']
Bafta Awards face backlash over all-white winners,"Mon, 20 Feb 2023 18:29:19 GMT",https://www.bbc.co.uk/news/entertainment-arts-64707017,https://www.bbc.co.uk/news/entertainment-arts-64707017?at_medium=RSS&at_campaign=KARANGA,"The prestigious film ceremony had a diverse set of nominees, but that did not translate into wins.",['white']
Gambling: Government expected to tighten regulation on sector,"Tue, 21 Feb 2023 02:24:33 GMT",https://www.bbc.co.uk/news/entertainment-arts-64510095,https://www.bbc.co.uk/news/entertainment-arts-64510095?at_medium=RSS&at_campaign=KARANGA,A forthcoming government white paper on gambling is expected to tighten regulation in the sector.,['white']
Australia election: Why is Australia's parliament so white?,"Fri, 20 May 2022 00:45:20 GMT",https://www.bbc.co.uk/news/world-australia-61432762,https://www.bbc.co.uk/news/world-australia-61432762?at_medium=RSS&at_campaign=KARANGA,"Australia is a multicultural country, but critics say those representing the country don't reflect this.",['white']
"World War Two, the Belfast mountain and a white rock","Sat, 14 May 2022 23:02:58 GMT",https://www.bbc.co.uk/news/uk-northern-ireland-61396942,https://www.bbc.co.uk/news/uk-northern-ireland-61396942?at_medium=RSS&at_campaign=KARANGA,The stone helped guide allied pilots into wartime airfields in use in Belfast during the war.,['white']
A quick guide to China’s white paper protests,"Mon, 28 Nov 2022 13:46:00 GMT",https://www.bbc.co.uk/news/world-asia-china-63781716,https://www.bbc.co.uk/news/world-asia-china-63781716?at_medium=RSS&at_campaign=KARANGA,Mass protests against strict Covid curbs have been building for weeks - here's what you need to know.,['white']
Cocaine found in coffee sent to Nespresso plant,"Fri, 06 May 2022 01:04:41 GMT",https://www.bbc.co.uk/news/world-europe-61343037,https://www.bbc.co.uk/news/world-europe-61343037?at_medium=RSS&at_campaign=KARANGA,Swiss police seized 500kg of the drug after workers found white powder in a shipment of coffee beans.,['white']
Escaping the Liverpool race riots of 1919,"Sat, 29 Oct 2022 00:08:32 GMT",https://www.bbc.co.uk/news/stories-63344662,https://www.bbc.co.uk/news/stories-63344662?at_medium=RSS&at_campaign=KARANGA,Ernest Marke was attacked by a white mob in Liverpool.,['white']
Wimbledon relaxes all-white policy to let female players wear dark-coloured undershorts,"Thu, 17 Nov 2022 16:53:42 GMT",https://www.bbc.co.uk/sport/tennis/63666684,https://www.bbc.co.uk/sport/tennis/63666684?at_medium=RSS&at_campaign=KARANGA,"Female competitors at Wimbledon will be allowed to wear dark-coloured undershorts from next year to ""relieve anxiety"" of playing on their period.",['white']
World Cup 2022: Belgium to drop 'love' from away shirts in Qatar,"Tue, 22 Nov 2022 08:35:23 GMT",https://www.bbc.co.uk/sport/football/63713724,https://www.bbc.co.uk/sport/football/63713724?at_medium=RSS&at_campaign=KARANGA,"Belgium will not wear their white away shirts with the word ""love"" on the collar in the group stage of the World Cup following a discussion with Fifa.",['white']
T20 World Cup: England spoil India-Pakistan party with one of their greatest wins,"Thu, 10 Nov 2022 15:10:34 GMT",https://www.bbc.co.uk/sport/cricket/63586373,https://www.bbc.co.uk/sport/cricket/63586373?at_medium=RSS&at_campaign=KARANGA,Why England's victory over India ranks among their greatest white-ball wins and spoils the India-Pakistan finale the rest of the world was waiting for.,['white']
Eoin Morgan: England white-ball captain departs 'an immortal of English sport',"Tue, 28 Jun 2022 17:01:20 GMT",https://www.bbc.co.uk/sport/cricket/61966705,https://www.bbc.co.uk/sport/cricket/61966705?at_medium=RSS&at_campaign=KARANGA,"The retiring Eoin Morgan is the most influential England cricketer of his generation, says BBC Sport's chief cricket writer Stephan Shemilt.",['white']
Electricity and drought killing white storks,"Sat, 27 Aug 2022 23:11:22 GMT",https://www.bbc.co.uk/news/world-europe-62690344,https://www.bbc.co.uk/news/world-europe-62690344?at_medium=RSS&at_campaign=KARANGA,"The extreme heat this summer has exacerbated the many hazards, leading to a sudden spike in deaths in Hungary.",['white']
Covid adviser Devi Sridhar sent white powder and mask in post,"Sat, 16 Apr 2022 16:35:23 GMT",https://www.bbc.co.uk/news/uk-scotland-edinburgh-east-fife-61129466,https://www.bbc.co.uk/news/uk-scotland-edinburgh-east-fife-61129466?at_medium=RSS&at_campaign=KARANGA,"Prof Devi Sridhar revealed the face mask, which was used, had the words ""I am done"" in black ink.","['white', ' black']"
Sam Curran could go down as one of England's white-ball greats - Matthew Mott,"Mon, 14 Nov 2022 18:02:17 GMT",https://www.bbc.co.uk/sport/cricket/63624641,https://www.bbc.co.uk/sport/cricket/63624641?at_medium=RSS&at_campaign=KARANGA,"England all-rounder Sam Curran could become ""one of the white-ball greats"", according to coach Matthew Mott.","['white', 'white']"
Megalodon shark extinction may have been linked to great white competition,"Tue, 31 May 2022 16:01:20 GMT",https://www.bbc.co.uk/news/science-environment-61644215,https://www.bbc.co.uk/news/science-environment-61644215?at_medium=RSS&at_campaign=KARANGA,The great white shark could have helped push the megalodon to extinction through a battle for food.,"['white', 'white']"
Gambling sponsor shirt ban included in draft government white paper,"Fri, 20 May 2022 21:33:06 GMT",https://www.bbc.co.uk/sport/football/61532033,https://www.bbc.co.uk/sport/football/61532033?at_medium=RSS&at_campaign=KARANGA,"Premier League clubs could face a gambling sponsor shirt ban after the proposal was included on a draft white paper, sources have told BBC Sport.","['white', 'white']"
Why Nigel Farage is wrong about London being 'minority white',"Wed, 30 Nov 2022 12:40:44 GMT",https://www.bbc.co.uk/news/63806518,https://www.bbc.co.uk/news/63806518?at_medium=RSS&at_campaign=KARANGA,"Former UKIP leader Nigel Farage claims London, Birmingham and Manchester are ""minority white"".","['white', 'white']"
Paris Olympics 2024: Russian participation 'can't be covered up by white flag' - Ukraine president,"Fri, 10 Feb 2023 18:22:11 GMT",https://www.bbc.co.uk/sport/olympics/64604212,https://www.bbc.co.uk/sport/olympics/64604212?at_medium=RSS&at_campaign=KARANGA,"Russian participation in the Paris 2024 Olympics ""cannot be covered up with pretend neutrality or a white flag"", says Ukraine president Volodymyr Zelensky.","['white', 'white']"
